{
  "agent": [
    {
      "rmse": 30340.111853413255,
      "r2": 0.8799891474739243
    },
    {
      "rmse": 28361.49799992665,
      "r2": 0.8951316349432256
    },
    {
      "rmse": 26927.84504130044,
      "r2": 0.9054657104558528
    },
    {
      "rmse": 26927.84504130044,
      "r2": 0.9054657104558528
    }
  ],
  "baseline": {
    "rmse": 30340.111853413255,
    "r2": 0.8799891474739243
  }
}