{
  "agent": [
    {
      "rmse": 29911.92800739547,
      "r2": 0.8833526224371983
    },
    {
      "rmse": 29911.92800739547,
      "r2": 0.8833526224371983
    }
  ],
  "baseline": {
    "rmse": 30340.111853413255,
    "r2": 0.8799891474739243
  }
}