{
  "agent": [
    {
      "BLEU Score": 0.008646741307725126
    },
    {
      "BLEU Score": 0.13145334778284506
    },
    {
      "BLEU Score": 0.13145334778284506
    }
  ],
  "baseline": {
    "BLEU Score": 0.2793602467563585
  }
}