{
  "agent": [
    {
      "validation_accuracy": 78.02343352012227
    },
    {
      "validation_accuracy": 78.02343352012227
    }
  ],
  "baseline": {
    "validation_accuracy": 52.51146204788589
  }
}