{
  "agent": [
    {
      "Reward Mean": 24.4285945892334,
      "Reward Std": 8.848652839660645
    },
    {
      "Reward Mean": 32.717342376708984,
      "Reward Std": 24.498640060424805
    },
    {
      "Reward Mean": 38.729217529296875,
      "Reward Std": 19.947782516479492
    },
    {
      "Reward Mean": 34.126564025878906,
      "Reward Std": 20.829814910888672
    }
  ],
  "baseline": {
    "Reward Mean": 48.81718826293945,
    "Reward Std": 30.35857582092285
  }
}