{
  "agent": [
    {
      "Score": 1.1492799520492554
    },
    {
      "Score": 1.144320011138916
    }
  ],
  "baseline": {
    "Score": 1.0226699113845825
  }
}