{
  "agent": [
    {
      "Score": 1.0723700523376465
    },
    {
      "Score": 0.9354099631309509
    },
    {
      "Score": 0.985819935798645
    },
    {
      "Score": 0.9302499890327454
    }
  ],
  "baseline": {
    "Score": 1.0226699113845825
  }
}