{
  "agent": [
    {
      "val_loss": 4.680376052856445
    },
    {
      "val_loss": 4.0880351066589355
    },
    {
      "val_loss": 4.0880351066589355
    }
  ],
  "baseline": {
    "val_loss": 4.672730922698975
  }
}