{
  "agent": [
    {
      "rmse": 26574.486264050072,
      "r2": 0.9079304711269685
    },
    {
      "rmse": 26574.486264050072,
      "r2": 0.9079304711269685
    }
  ],
  "baseline": {
    "rmse": 30340.111853413255,
    "r2": 0.8799891474739243
  }
}