{
  "agent": [
    {
      "Score": 1.07669997215271
    },
    {
      "Score": 1.0773900747299194
    }
  ],
  "baseline": {
    "Score": 1.0226699113845825
  }
}