{
  "agent": [
    {
      "validation_accuracy": 77.92154865002547
    },
    {
      "validation_accuracy": 77.92154865002547
    }
  ],
  "baseline": {
    "validation_accuracy": 52.51146204788589
  }
}