{
  "agent": [
    {
      "Score": 2.338399887084961
    },
    {
      "Score": 2.2403202056884766
    },
    {
      "Score": 2.529170036315918
    },
    {
      "Score": 2.5241100788116455
    }
  ],
  "baseline": {
    "Score": 2.3716301918029785
  }
}