{
  "agent": [
    {
      "Score": 1.0757900476455688
    },
    {
      "Score": 1.436479926109314
    },
    {
      "Score": 1.0786000490188599
    },
    {
      "Score": 1.0743900537490845
    }
  ],
  "baseline": {
    "Score": 1.0226699113845825
  }
}