{
  "agent": [
    {
      "validation_accuracy": 83.75955170657157
    },
    {
      "validation_accuracy": 83.75955170657157
    }
  ],
  "baseline": {
    "validation_accuracy": 52.51146204788589
  }
}