{
  "agent": [
    {
      "validation_accuracy": 81.9460010188487
    },
    {
      "validation_accuracy": 81.9460010188487
    }
  ],
  "baseline": {
    "validation_accuracy": 52.51146204788589
  }
}