{
  "agent": [
    {
      "Reward Mean": 68.19105529785156,
      "Reward Std": 40.293968200683594
    },
    {
      "Reward Mean": 18.593795776367188,
      "Reward Std": 37.22715377807617
    },
    {
      "Reward Mean": -59.2050666809082,
      "Reward Std": 40.94921875
    }
  ],
  "baseline": {
    "Reward Mean": 33.793758392333984,
    "Reward Std": 41.70726013183594
  }
}