{
  "agent": [
    {
      "Reward Mean": 61.277069091796875,
      "Reward Std": 34.15153121948242
    },
    {
      "Reward Mean": 52.72983932495117,
      "Reward Std": 43.150421142578125
    },
    {
      "Reward Mean": 52.72983932495117,
      "Reward Std": 43.150421142578125
    }
  ],
  "baseline": {
    "Reward": -0.0026555742300115527
  }
}