{
  "agent": [
    {
      "rmse": 30340.111853413255,
      "r2": 0.8799891474739243
    },
    {
      "rmse": 28264.933151299396,
      "r2": 0.8958445280594657
    },
    {
      "rmse": 28286.681321973338,
      "r2": 0.8956841836190559
    },
    {
      "rmse": 28286.681321973338,
      "r2": 0.8956841836190559
    }
  ],
  "baseline": {
    "rmse": 30340.111853413255,
    "r2": 0.8799891474739243
  }
}