{
  "agent": [
    {
      "Score": -0.0074800001457333565
    },
    {
      "Score": 0.005940000060945749
    },
    {
      "Score": 0.009460000321269035
    },
    {
      "Score": 0.013420001603662968
    }
  ],
  "baseline": {
    "Score": -0.24797001481056213
  }
}