{
  "agent": [
    {
      "Reward Mean": -19.99993133544922,
      "Reward Std": 0.0027853657957166433
    },
    {
      "Reward Mean": -19.99993133544922,
      "Reward Std": 0.0027853657957166433
    }
  ],
  "baseline": {
    "Reward Mean": -24936834.0,
    "Reward Std": 7224896.0
  }
}