{
  "agent": [
    {
      "validation_accuracy": 79.96943453897096
    },
    {
      "validation_accuracy": 79.96943453897096
    }
  ],
  "baseline": {
    "validation_accuracy": 52.51146204788589
  }
}