{
  "agent": [
    {
      "Reward Mean": -0.7321362495422363,
      "Reward Std": 51.92121505737305
    },
    {
      "Reward Mean": -9.294260025024414,
      "Reward Std": 16.636371612548828
    },
    {
      "Reward Mean": 6.235809803009033,
      "Reward Std": 32.57337951660156
    },
    {
      "Reward Mean": 6.235818386077881,
      "Reward Std": 32.57337951660156
    }
  ],
  "baseline": {
    "Reward Mean": 33.793758392333984,
    "Reward Std": 41.70726013183594
  }
}