{
  "agent": [
    {
      "val_loss": 4.683052062988281
    },
    {
      "val_loss": 5.39103889465332
    },
    {
      "val_loss": 5.474067687988281
    },
    {
      "val_loss": 5.474067687988281
    }
  ],
  "baseline": {
    "val_loss": 4.672730922698975
  }
}