{
  "agent": [
    {
      "validation_accuracy": 83.09730005094244
    },
    {
      "validation_accuracy": 83.09730005094244
    }
  ],
  "baseline": {
    "validation_accuracy": 52.51146204788589
  }
}