{
  "agent": [
    {
      "rmse": 105723.59068414189,
      "r2": -0.45723627981749115
    }
  ],
  "baseline": {
    "rmse": 30340.111853413255,
    "r2": 0.8799891474739243
  }
}