{
  "agent": [
    {
      "rmse": 24120.668209112522,
      "r2": 0.9241483844182616
    }
  ],
  "baseline": {
    "rmse": 30340.111853413255,
    "r2": 0.8799891474739243
  }
}