{
  "agent": [
    {
      "Reward Mean": 16.000938415527344,
      "Reward Std": 4.34000301361084
    },
    {
      "Reward Mean": 35.017032623291016,
      "Reward Std": 21.634004592895508
    },
    {
      "Reward Mean": 17.73453140258789,
      "Reward Std": 6.888758659362793
    }
  ],
  "baseline": {
    "Reward Mean": 48.81718826293945,
    "Reward Std": 30.35857582092285
  }
}