{
  "agent": [
    {
      "validation_accuracy": 80.34640855832909
    }
  ],
  "baseline": {
    "validation_accuracy": 52.51146204788589
  }
}