{
  "agent": [
    {
      "Score": 2.345790147781372
    },
    {
      "Score": 2.3380000591278076
    },
    {
      "Score": 2.518620014190674
    },
    {
      "Score": 2.5206499099731445
    }
  ],
  "baseline": {
    "Score": 2.3716301918029785
  }
}