{
  "agent": [
    {
      "validation_accuracy": 59.33774834437086
    },
    {
      "validation_accuracy": 65.18593988792664
    },
    {
      "validation_accuracy": 66.6632705043301
    },
    {
      "validation_accuracy": 63.59653591441671
    }
  ],
  "baseline": {
    "validation_accuracy": 52.51146204788589
  }
}