{
  "agent": [
    {
      "Reward Mean": -24952120.0,
      "Reward Std": 7220139.5
    },
    {
      "Reward Mean": -4957518.5,
      "Reward Std": 1507518.625
    },
    {
      "Reward Mean": -21099.7734375,
      "Reward Std": 14060.28515625
    }
  ],
  "baseline": {
    "Reward Mean": -24936834.0,
    "Reward Std": 7224896.0
  }
}