{
  "agent": [
    {
      "Reward Mean": 15.734375,
      "Reward Std": 16.312131881713867
    },
    {
      "Reward Mean": 26.743749618530273,
      "Reward Std": 26.853595733642578
    },
    {
      "Reward Mean": 26.743749618530273,
      "Reward Std": 26.853595733642578
    }
  ],
  "baseline": {
    "Reward Mean": 15.734375,
    "Reward Std": 16.312131881713867
  }
}