{
  "agent": [
    {
      "rmse": 29525.033429685718,
      "r2": 0.8863506485281881
    }
  ],
  "baseline": {
    "rmse": 30340.111853413255,
    "r2": 0.8799891474739243
  }
}