{
  "agent": [
    {
      "validation_accuracy": 83.2603158430973
    },
    {
      "validation_accuracy": 84.10596026490066
    },
    {
      "validation_accuracy": 84.29954151808457
    },
    {
      "validation_accuracy": 84.29954151808457
    }
  ],
  "baseline": {
    "validation_accuracy": 52.51146204788589
  }
}