{
  "agent": [
    {
      "rmse": 28375.94429521352,
      "r2": 0.8950247756228945
    },
    {
      "rmse": 31783.963035026325,
      "r2": 0.8682950009003085
    },
    {
      "rmse": 28927.75589416729,
      "r2": 0.8909022851872412
    },
    {
      "rmse": 28927.75589416729,
      "r2": 0.8909022851872412
    }
  ],
  "baseline": {
    "rmse": 30340.111853413255,
    "r2": 0.8799891474739243
  }
}