{
  "agent": [
    {
      "rmse": 38892.29750550371,
      "r2": 0.802797069590171
    }
  ],
  "baseline": {
    "rmse": 30340.111853413255,
    "r2": 0.8799891474739243
  }
}