{
  "agent": [
    {
      "Reward Mean": -3.4738125801086426,
      "Reward Std": 2.520289182662964
    }
  ],
  "baseline": {
    "Reward Mean": -24936834.0,
    "Reward Std": 7224896.0
  }
}