{
  "agent": [
    {
      "Reward Mean": -0.006390735041350126,
      "Reward Std": 0.005451918579638004
    },
    {
      "Reward Mean": -0.004000973887741566,
      "Reward Std": 0.002835216699168086
    },
    {
      "Reward Mean": -0.004000973887741566,
      "Reward Std": 0.002835216699168086
    }
  ],
  "baseline": {
    "Reward Mean": -24936834.0,
    "Reward Std": 7224896.0
  }
}