{
  "agent": [
    {
      "validation_accuracy": 65.42027508914926
    },
    {
      "validation_accuracy": 65.42027508914926
    }
  ],
  "baseline": {
    "validation_accuracy": 52.51146204788589
  }
}