{
  "agent": [
    {
      "rmse": 29822.413129127777,
      "r2": 0.8840497391087456
    }
  ],
  "baseline": {
    "rmse": 30340.111853413255,
    "r2": 0.8799891474739243
  }
}