{
  "agent": [
    {
      "Reward Mean": 24.157499313354492,
      "Reward Std": 5.6489386558532715
    },
    {
      "Reward Mean": 47.85124969482422,
      "Reward Std": 31.53557014465332
    },
    {
      "Reward Mean": 63.51750183105469,
      "Reward Std": 24.953651428222656
    },
    {
      "Reward Mean": 63.51750183105469,
      "Reward Std": 24.953651428222656
    }
  ],
  "baseline": {
    "Reward Mean": 48.81718826293945,
    "Reward Std": 30.35857582092285
  }
}