{
  "agent": [
    {
      "val_loss": 4.660724639892578
    },
    {
      "val_loss": 4.223193645477295
    },
    {
      "val_loss": 4.223193645477295
    }
  ],
  "baseline": {
    "val_loss": 4.672730922698975
  }
}