{
  "agent": [
    {
      "Score": 1.144469976425171
    },
    {
      "Score": 1.1435600519180298
    }
  ],
  "baseline": {
    "Score": 1.0226699113845825
  }
}