{
  "agent": [
    {
      "validation_accuracy": 83.58634742740703
    },
    {
      "validation_accuracy": 83.58634742740703
    }
  ],
  "baseline": {
    "validation_accuracy": 52.51146204788589
  }
}