{
  "agent": [
    {
      "BLEU Score": 0.002156826652819899
    },
    {
      "BLEU Score": 0.004409354005780869
    },
    {
      "BLEU Score": 0.12267048138229018
    },
    {
      "BLEU Score": 0.13463999717698868
    }
  ],
  "baseline": {
    "BLEU Score": 0.2793602467563585
  }
}