{
  "agent": [
    {
      "Reward Mean": 0.00015624999650754035,
      "Reward Std": 0.012499022297561169
    }
  ],
  "baseline": {
    "Reward Mean": 48.81718826293945,
    "Reward Std": 30.35857582092285
  }
}