{
  "agent": [
    {
      "rmse": 29859.71972629886,
      "r2": 0.883759459760957
    }
  ],
  "baseline": {
    "rmse": 30340.111853413255,
    "r2": 0.8799891474739243
  }
}