{
  "agent": [
    {
      "Score": 1.4411200284957886
    },
    {
      "Score": 1.0810199975967407
    },
    {
      "Score": 1.2587400674819946
    },
    {
      "Score": 1.4393999576568604
    }
  ],
  "baseline": {
    "Score": 1.0226699113845825
  }
}