{
  "agent": [
    {
      "Reward Mean": 7.806250095367432,
      "Reward Std": 9.531196594238281
    },
    {
      "Reward Mean": 11.623437881469727,
      "Reward Std": 14.150047302246094
    },
    {
      "Reward Mean": 11.623437881469727,
      "Reward Std": 14.150047302246094
    }
  ],
  "baseline": {
    "Reward Mean": 15.734375,
    "Reward Std": 16.312131881713867
  }
}