{
  "agent": [
    {
      "BLEU Score": 0.035838531059402816
    },
    {
      "BLEU Score": 0.035838531059402816
    }
  ],
  "baseline": {
    "BLEU Score": 0.2793602467563585
  }
}