{
  "agent": [
    {
      "val_loss": 3.5455880165100098
    },
    {
      "val_loss": 3.5455880165100098
    }
  ],
  "baseline": {
    "val_loss": 4.672730922698975
  }
}