{
  "agent": [
    {
      "validation_accuracy": 77.8604177279674
    },
    {
      "validation_accuracy": 77.8604177279674
    }
  ],
  "baseline": {
    "validation_accuracy": 52.51146204788589
  }
}