{
  "agent": [
    {
      "Score": 1.0765899419784546
    },
    {
      "Score": 1.0229699611663818
    },
    {
      "Score": 1.021069884300232
    }
  ],
  "baseline": {
    "Score": 1.0226699113845825
  }
}