{
  "agent": [
    {
      "val_loss": 4.687142372131348
    }
  ],
  "baseline": {
    "val_loss": 4.672730922698975
  }
}