{
  "agent": [
    {
      "Reward Mean": 44.08906173706055,
      "Reward Std": 29.243024826049805
    }
  ],
  "baseline": {
    "Reward Mean": 48.81718826293945,
    "Reward Std": 30.35857582092285
  }
}