{
  "agent": [
    {
      "Reward Mean": 56.14921569824219,
      "Reward Std": 45.84820556640625
    },
    {
      "Reward Mean": 56.088138580322266,
      "Reward Std": 45.80483627319336
    },
    {
      "Reward Mean": 56.13508224487305,
      "Reward Std": 45.83658981323242
    },
    {
      "Reward Mean": 56.13508224487305,
      "Reward Std": 45.83658981323242
    }
  ],
  "baseline": {
    "Reward Mean": 33.793758392333984,
    "Reward Std": 41.70726013183594
  }
}