{
  "agent": [
    {
      "val_loss": 4.166168212890625
    }
  ],
  "baseline": {
    "val_loss": 4.672730922698975
  }
}