{
  "agent": [
    {
      "Reward Mean": 54.902549743652344,
      "Reward Std": 44.84853744506836
    },
    {
      "Reward Mean": 56.14921569824219,
      "Reward Std": 45.84820556640625
    },
    {
      "Reward Mean": 73.97481536865234,
      "Reward Std": 37.02363586425781
    },
    {
      "Reward Mean": 73.97481536865234,
      "Reward Std": 37.02363586425781
    }
  ],
  "baseline": {
    "Reward": -0.0026555742300115527
  }
}