{
  "agent": [
    {
      "rmse": 28014.272392890234,
      "r2": 0.8976836921267193
    },
    {
      "rmse": 28014.272392890234,
      "r2": 0.8976836921267193
    }
  ],
  "baseline": {
    "rmse": 30340.111853413255,
    "r2": 0.8799891474739243
  }
}