{
  "agent": [
    {
      "Reward Mean": 71.04435729980469,
      "Reward Std": 35.58671569824219
    },
    {
      "Reward Mean": 71.72557830810547,
      "Reward Std": 35.93738555908203
    },
    {
      "Reward Mean": 71.72557830810547,
      "Reward Std": 35.93738555908203
    }
  ],
  "baseline": {
    "Reward": -0.0026555742300115527
  }
}