{
  "agent": [
    {
      "validation_accuracy": 36.362710137544575
    },
    {
      "validation_accuracy": 82.56749872643913
    },
    {
      "validation_accuracy": 83.82068262862965
    },
    {
      "validation_accuracy": 83.82068262862965
    }
  ],
  "baseline": {
    "validation_accuracy": 52.51146204788589
  }
}