{
  "agent": [
    {
      "Reward Mean": 16.481250762939453,
      "Reward Std": 22.804048538208008
    },
    {
      "Reward Mean": 29.318750381469727,
      "Reward Std": 36.1322021484375
    },
    {
      "Reward Mean": 30.825000762939453,
      "Reward Std": 34.78380584716797
    },
    {
      "Reward Mean": 30.825000762939453,
      "Reward Std": 34.78380584716797
    }
  ],
  "baseline": {
    "Reward Mean": 15.734375,
    "Reward Std": 16.312131881713867
  }
}