{
  "agent": [
    {
      "rmse": 30340.111853413255,
      "r2": 0.8799891474739243
    },
    {
      "rmse": 28264.933151299396,
      "r2": 0.8958445280594657
    },
    {
      "rmse": 27684.518641460916,
      "r2": 0.9000782298292286
    },
    {
      "rmse": 27684.518641460916,
      "r2": 0.9000782298292286
    }
  ],
  "baseline": {
    "rmse": 30340.111853413255,
    "r2": 0.8799891474739243
  }
}