{
  "agent": [
    {
      "val_loss": 8.117240905761719
    },
    {
      "val_loss": 4.475766181945801
    },
    {
      "val_loss": 4.475766181945801
    }
  ],
  "baseline": {
    "val_loss": 4.672730922698975
  }
}