{
  "agent": [
    {
      "BLEU Score": 0.2457887014729644
    },
    {
      "BLEU Score": 0.2900343162444948
    },
    {
      "BLEU Score": 0.29395542245738676
    },
    {
      "BLEU Score": 0.29395542245738676
    }
  ],
  "baseline": {
    "BLEU Score": 0.2793602467563585
  }
}