{
  "agent": [
    {
      "Reward Mean": 49.489219665527344,
      "Reward Std": 24.42484474182129
    },
    {
      "Reward Mean": 16.057811737060547,
      "Reward Std": 8.992241859436035
    },
    {
      "Reward Mean": 26.352968215942383,
      "Reward Std": 12.283217430114746
    }
  ],
  "baseline": {
    "Reward Mean": 48.81718826293945,
    "Reward Std": 30.35857582092285
  }
}