{
  "agent": [
    {
      "rmse": 30340.111853413255,
      "r2": 0.8799891474739243
    },
    {
      "rmse": 29328.41386174759,
      "r2": 0.8878592857185162
    },
    {
      "rmse": 29328.41386174759,
      "r2": 0.8878592857185162
    }
  ],
  "baseline": {
    "rmse": 30340.111853413255,
    "r2": 0.8799891474739243
  }
}