{
  "agent": [
    {
      "val_loss": 4.684825420379639
    }
  ],
  "baseline": {
    "val_loss": 4.672730922698975
  }
}