{
  "agent": [
    {
      "validation_accuracy": 80.52980132450331
    },
    {
      "validation_accuracy": 80.52980132450331
    }
  ],
  "baseline": {
    "validation_accuracy": 52.51146204788589
  }
}