{
  "agent": [
    {
      "Reward Mean": -1107.644775390625,
      "Reward Std": 2292.0185546875
    },
    {
      "Reward Mean": -373.9847717285156,
      "Reward Std": 70.15687561035156
    },
    {
      "Reward Mean": -215.7764892578125,
      "Reward Std": 40.503849029541016
    },
    {
      "Reward Mean": -216.62132263183594,
      "Reward Std": 40.64638137817383
    }
  ],
  "baseline": {
    "Reward Mean": 33.793758392333984,
    "Reward Std": 41.70726013183594
  }
}