{
  "agent": [
    {
      "Reward Mean": 18.691648483276367,
      "Reward Std": 37.39672088623047
    },
    {
      "Reward Mean": -0.0031736893579363823,
      "Reward Std": 0.0008057014201767743
    },
    {
      "Reward Mean": -281.7420959472656,
      "Reward Std": 44.70643997192383
    }
  ],
  "baseline": {
    "Reward Mean": 33.793758392333984,
    "Reward Std": 41.70726013183594
  }
}