{
  "agent": [
    {
      "Reward Mean": 17.888498306274414,
      "Reward Std": 36.27568435668945
    },
    {
      "Reward Mean": -0.008913055993616581,
      "Reward Std": 0.013038446195423603
    }
  ],
  "baseline": {
    "Reward": -0.0026555742300115527
  }
}