{
  "agent": [
    {
      "Score": 0.04638000205159187
    },
    {
      "Score": 0.046890001744031906
    }
  ],
  "baseline": {
    "Score": -0.24797001481056213
  }
}