{
  "agent": [
    {
      "validation_accuracy": 79.65359144167091
    },
    {
      "validation_accuracy": 79.65359144167091
    }
  ],
  "baseline": {
    "validation_accuracy": 52.51146204788589
  }
}