{
  "agent": [
    {
      "Reward Mean": 7.823437690734863,
      "Reward Std": 9.535956382751465
    },
    {
      "Reward Mean": 7.823437690734863,
      "Reward Std": 9.535956382751465
    }
  ],
  "baseline": {
    "Reward Mean": 15.734375,
    "Reward Std": 16.312131881713867
  }
}