{
  "agent": [
    {
      "validation_accuracy": 33.988792664289356
    }
  ],
  "baseline": {
    "validation_accuracy": 52.51146204788589
  }
}