{
  "agent": [
    {
      "validation_accuracy": 82.98522669383597
    },
    {
      "validation_accuracy": 82.98522669383597
    }
  ],
  "baseline": {
    "validation_accuracy": 52.51146204788589
  }
}