{
  "agent": [
    {
      "Reward": -4055.478674082189,
      "Success Rate": 0.0
    }
  ],
  "baseline": {
    "Reward": -0.007864445738960057,
    "Success Rate": 0.0
  }
}