{
  "agent": [
    {
      "rmse": 27060.33554059515,
      "r2": 0.9045331658928059
    }
  ],
  "baseline": {
    "rmse": 30340.111853413255,
    "r2": 0.8799891474739243
  }
}