{
  "agent": [
    {
      "Reward Mean": -0.025304045528173447,
      "Reward Std": 0.014448611997067928
    }
  ],
  "baseline": {
    "Reward Mean": 33.793758392333984,
    "Reward Std": 41.70726013183594
  }
}