{
  "agent": [
    {
      "Reward Mean": 71.04435729980469,
      "Reward Std": 35.58671569824219
    },
    {
      "Reward Mean": 34.150848388671875,
      "Reward Std": 47.0969352722168
    },
    {
      "Reward Mean": 34.150848388671875,
      "Reward Std": 47.0969352722168
    }
  ],
  "baseline": {
    "Reward": -0.0026555742300115527
  }
}