{
  "agent": [
    {
      "Reward Mean": 9.136905670166016,
      "Reward Std": 19.852428436279297
    },
    {
      "Reward Mean": 18.691648483276367,
      "Reward Std": 37.39672088623047
    },
    {
      "Reward Mean": 18.691648483276367,
      "Reward Std": 37.39672088623047
    }
  ],
  "baseline": {
    "Reward Mean": 33.793758392333984,
    "Reward Std": 41.70726013183594
  }
}