{
  "agent": [
    {
      "rmse": 30340.111853413255,
      "r2": 0.8799891474739243
    },
    {
      "rmse": 29015.659016625184,
      "r2": 0.890238244707221
    },
    {
      "rmse": 25036.1063390017,
      "r2": 0.918281621447797
    },
    {
      "rmse": 25036.1063390017,
      "r2": 0.918281621447797
    }
  ],
  "baseline": {
    "rmse": 30340.111853413255,
    "r2": 0.8799891474739243
  }
}