{
  "agent": [
    {
      "validation_accuracy": 83.14824248599083
    },
    {
      "validation_accuracy": 83.27050433010697
    },
    {
      "validation_accuracy": 83.81049414161997
    },
    {
      "validation_accuracy": 82.59806418746817
    }
  ],
  "baseline": {
    "validation_accuracy": 52.51146204788589
  }
}