{
  "agent": [
    {
      "Score": -0.039500001817941666
    },
    {
      "Score": -0.038100000470876694
    },
    {
      "Score": -0.21535000205039978
    },
    {
      "Score": -0.21191000938415527
    }
  ],
  "baseline": {
    "Score": -0.24797001481056213
  }
}