{
  "agent": [
    {
      "rmse": 26476.48868361109,
      "r2": 0.9086082607077985
    }
  ],
  "baseline": {
    "rmse": 30340.111853413255,
    "r2": 0.8799891474739243
  }
}