{
  "agent": [
    {
      "BLEU Score": 0.07228966766275434
    },
    {
      "BLEU Score": 0.07228966766275434
    },
    {
      "BLEU Score": 0.07228966766275434
    }
  ],
  "baseline": {
    "BLEU Score": 0.2793602467563585
  }
}