{
  "agent": [
    {
      "BLEU Score": 0.03661405117646743
    },
    {
      "BLEU Score": 0.04119181452838786
    }
  ],
  "baseline": {
    "BLEU Score": 0.2793602467563585
  }
}