{
  "agent": [
    {
      "Reward": 78.88678669452784,
      "Success Rate": 0.0
    }
  ],
  "baseline": {
    "Reward": -0.007864445738960057,
    "Success Rate": 0.0
  }
}