{
  "agent": [
    {
      "val_loss": 3.966454267501831
    },
    {
      "val_loss": 3.966447591781616
    }
  ],
  "baseline": {
    "val_loss": 4.672730922698975
  }
}