{
  "agent": [
    {
      "validation_accuracy": 77.34080489047376
    },
    {
      "validation_accuracy": 77.34080489047376
    }
  ],
  "baseline": {
    "validation_accuracy": 52.51146204788589
  }
}