{
  "agent": [
    {
      "rmse": 48740.13954579955,
      "r2": 0.690286809351333
    }
  ],
  "baseline": {
    "rmse": 30340.111853413255,
    "r2": 0.8799891474739243
  }
}