{
  "agent": [
    {
      "rmse": 30340.111853413255,
      "r2": 0.8799891474739243
    },
    {
      "rmse": 29235.430826798387,
      "r2": 0.8885692221502071
    },
    {
      "rmse": 29235.430826798387,
      "r2": 0.8885692221502071
    }
  ],
  "baseline": {
    "rmse": 30340.111853413255,
    "r2": 0.8799891474739243
  }
}