{
  "agent": [
    {
      "Score": -0.0033900002017617226
    },
    {
      "Score": -0.2797900140285492
    },
    {
      "Score": -0.0032599999103695154
    }
  ],
  "baseline": {
    "Score": -0.24797001481056213
  }
}