{
  "agent": [
    {
      "Score": 2.3400301933288574
    },
    {
      "Score": 2.529019832611084
    },
    {
      "Score": 2.532059907913208
    }
  ],
  "baseline": {
    "Score": 2.3716301918029785
  }
}