{
  "agent": [
    {
      "rmse": 27207.796213005444,
      "r2": 0.9034898706035731
    }
  ],
  "baseline": {
    "rmse": 30340.111853413255,
    "r2": 0.8799891474739243
  }
}