{
  "agent": [
    {
      "Reward Mean": 44.12953186035156,
      "Reward Std": 25.761445999145508
    },
    {
      "Reward Mean": 45.0295295715332,
      "Reward Std": 26.2153377532959
    },
    {
      "Reward Mean": 58.869998931884766,
      "Reward Std": 24.772104263305664
    },
    {
      "Reward Mean": 58.869998931884766,
      "Reward Std": 24.772104263305664
    }
  ],
  "baseline": {
    "Reward Mean": 48.81718826293945,
    "Reward Std": 30.35857582092285
  }
}