{
  "agent": [
    {
      "validation_accuracy": 63.57615894039735
    }
  ],
  "baseline": {
    "validation_accuracy": 52.51146204788589
  }
}