{
  "agent": [
    {
      "rmse": 28926.067012576794,
      "r2": 0.8909150236619564
    },
    {
      "rmse": 26716.15193775089,
      "r2": 0.9069462295238238
    },
    {
      "rmse": 26716.15193775089,
      "r2": 0.9069462295238238
    }
  ],
  "baseline": {
    "rmse": 30340.111853413255,
    "r2": 0.8799891474739243
  }
}