{
  "agent": [
    {
      "Reward Mean": 9.136905670166016,
      "Reward Std": 19.852428436279297
    },
    {
      "Reward Mean": -0.006193965673446655,
      "Reward Std": 0.002035134006291628
    },
    {
      "Reward Mean": -0.007329689338803291,
      "Reward Std": 0.0038012678269296885
    },
    {
      "Reward Mean": -0.007329689338803291,
      "Reward Std": 0.0038012678269296885
    }
  ],
  "baseline": {
    "Reward": -0.0026555742300115527
  }
}