{
  "agent": [
    {
      "Reward Mean": -0.09622035920619965,
      "Reward Std": 0.06776140630245209
    },
    {
      "Reward Mean": -0.07045069336891174,
      "Reward Std": 0.04892507940530777
    },
    {
      "Reward Mean": -0.09622035920619965,
      "Reward Std": 0.06776140630245209
    }
  ],
  "baseline": {
    "Reward Mean": 33.793758392333984,
    "Reward Std": 41.70726013183594
  }
}