{
  "agent": [
    {
      "validation_accuracy": 83.61691288843606
    },
    {
      "validation_accuracy": 84.10596026490066
    },
    {
      "validation_accuracy": 84.27916454406521
    },
    {
      "validation_accuracy": 84.27916454406521
    }
  ],
  "baseline": {
    "validation_accuracy": 52.51146204788589
  }
}