{
  "agent": [
    {
      "Reward Mean": -1.2197562456130981,
      "Reward Std": 0.4057983458042145
    },
    {
      "Reward Mean": -1.2197562456130981,
      "Reward Std": 0.4057983458042145
    }
  ],
  "baseline": {
    "Reward Mean": -24936834.0,
    "Reward Std": 7224896.0
  }
}