{
  "agent": [],
  "baseline": {
    "Reward Mean": 33.793758392333984,
    "Reward Std": 41.70726013183594
  }
}