{
  "agent": [
    {
      "Reward Mean": 9.136905670166016,
      "Reward Std": 19.852428436279297
    },
    {
      "Reward Mean": 9.136905670166016,
      "Reward Std": 19.852428436279297
    }
  ],
  "baseline": {
    "Reward": -0.0026555742300115527
  }
}