{
  "agent": [
    {
      "rmse": 29911.92800739547,
      "r2": 0.8833526224371983
    },
    {
      "rmse": 30128.44915921894,
      "r2": 0.8816577777501692
    },
    {
      "rmse": 28361.49799992665,
      "r2": 0.8951316349432256
    },
    {
      "rmse": 28361.49799992665,
      "r2": 0.8951316349432256
    }
  ],
  "baseline": {
    "rmse": 30340.111853413255,
    "r2": 0.8799891474739243
  }
}