{
  "agent": [
    {
      "validation_accuracy": 83.81049414161997
    },
    {
      "validation_accuracy": 83.14824248599083
    }
  ],
  "baseline": {
    "validation_accuracy": 52.51146204788589
  }
}