{
  "agent": [
    {
      "BLEU Score": 0.29772384282502373
    },
    {
      "BLEU Score": 0.12533017676604796
    },
    {
      "BLEU Score": 0.12533017676604796
    }
  ],
  "baseline": {
    "BLEU Score": 0.2793602467563585
  }
}