{
  "agent": [
    {
      "rmse": 29169.404492203153,
      "r2": 0.8890719722412187
    }
  ],
  "baseline": {
    "rmse": 30340.111853413255,
    "r2": 0.8799891474739243
  }
}