{
  "agent": [
    {
      "Score": -0.006530000362545252
    },
    {
      "Score": 0.02345000021159649
    },
    {
      "Score": 0.024290001019835472
    }
  ],
  "baseline": {
    "Score": -0.24797001481056213
  }
}