{
  "agent": [
    {
      "val_loss": 4.678650379180908
    }
  ],
  "baseline": {
    "val_loss": 4.672730922698975
  }
}