{
  "agent": [
    {
      "validation_accuracy": 83.48446255731024
    },
    {
      "validation_accuracy": 58.83851248089659
    },
    {
      "validation_accuracy": 69.06775343861436
    }
  ],
  "baseline": {
    "validation_accuracy": 52.51146204788589
  }
}