{
  "agent": [
    {
      "validation_accuracy": 79.63321446765156
    },
    {
      "validation_accuracy": 80.23433520122262
    },
    {
      "validation_accuracy": 80.23433520122262
    }
  ],
  "baseline": {
    "validation_accuracy": 52.51146204788589
  }
}