{
  "agent": [
    {
      "Reward Mean": -2.732110076121069e+27,
      "Reward Std": Infinity
    },
    {
      "Reward Mean": -2.732110076121069e+27,
      "Reward Std": Infinity
    },
    {
      "Reward Mean": -1489193216.0,
      "Reward Std": 3006798592.0
    }
  ],
  "baseline": {
    "Reward Mean": -24936834.0,
    "Reward Std": 7224896.0
  }
}