{
  "agent": [
    {
      "validation_accuracy": 71.85939887926642
    },
    {
      "validation_accuracy": 71.85939887926642
    }
  ],
  "baseline": {
    "validation_accuracy": 52.51146204788589
  }
}