{
  "agent": [
    {
      "rmse": 30030.728134850207,
      "r2": 0.8824242140491689
    },
    {
      "rmse": 30030.728134850207,
      "r2": 0.8824242140491689
    }
  ],
  "baseline": {
    "rmse": 30340.111853413255,
    "r2": 0.8799891474739243
  }
}