{
  "agent": [
    {
      "validation_accuracy": 80.03056546102904
    }
  ],
  "baseline": {
    "validation_accuracy": 52.51146204788589
  }
}