{
  "agent": [
    {
      "Reward Mean": 53.17032241821289,
      "Reward Std": 43.589229583740234
    },
    {
      "Reward Mean": 56.08949661254883,
      "Reward Std": 45.808101654052734
    },
    {
      "Reward Mean": 56.08949661254883,
      "Reward Std": 45.808101654052734
    }
  ],
  "baseline": {
    "Reward": -0.0026555742300115527
  }
}