{
  "agent": [
    {
      "Score": 1.0797300338745117
    },
    {
      "Score": 1.4399199485778809
    },
    {
      "Score": 0.7396500110626221
    },
    {
      "Score": 1.4427800178527832
    }
  ],
  "baseline": {
    "Score": 1.0226699113845825
  }
}