{
  "agent": [
    {
      "validation_accuracy": 83.03616912888437
    },
    {
      "validation_accuracy": 83.03616912888437
    }
  ],
  "baseline": {
    "validation_accuracy": 52.51146204788589
  }
}