{
  "agent": [
    {
      "Score": -0.004070000257343054
    },
    {
      "Score": -0.0029500003438442945
    }
  ],
  "baseline": {
    "Score": -0.24797001481056213
  }
}