{
  "agent": [
    {
      "validation_accuracy": 75.48650025471217
    },
    {
      "validation_accuracy": 75.48650025471217
    }
  ],
  "baseline": {
    "validation_accuracy": 52.51146204788589
  }
}